序号,链接,节点数
0,https://gitlab.com/colloq168/nodefiltrate/-/raw/main/filtrate?ref_type=heads,164
1,https://gqvl2y.absslk.xyz/f73b11cb75ca89bffcf16af7b0c819fd,0
2,https://raw.githubusercontent.com/Alvin9999/pac2/master/clash.meta2/1/config.yaml,0
3,https://raw.githubusercontent.com/Alvin9999/pac2/master/clash.meta2/13/config.yaml,0
4,https://raw.githubusercontent.com/Alvin9999/pac2/master/clash.meta2/15/config.yaml,0
5,https://raw.githubusercontent.com/Alvin9999/pac2/master/clash.meta2/2/config.yaml,0
6,https://raw.githubusercontent.com/Alvin9999/pac2/master/clash.meta2/config.yaml,0
7,https://raw.githubusercontent.com/Huibq/TrojanLinks/master/links/vmess,0
8,https://raw.githubusercontent.com/Surfboardv2ray/TGParse/main/python/hy2,63
9,https://raw.githubusercontent.com/Surfboardv2ray/TGParse/main/python/hysteria2,90
10,https://raw.githubusercontent.com/qjlxg/hy2/main/splitted/hy2,17
11,https://raw.githubusercontent.com/ripaojiedian/freenode/main/clash,20
12,https://raw.githubusercontent.com/ripaojiedian/freenode/main/sub,22
13,https://raw.githubusercontent.com/zhangkaiitugithub/passcro/main/speednodes.yaml,419
14,https://y1ZBU7.mcsslk.xyz/a8c3f6d68fc320e5de9237f49ed200c9,0
15,dynamic://peasoft,0

总计,,731
